PWR,2025-02-20,bmo
SHYF,2025-02-20,bmo
PRM,2025-02-20,bmo
NU,2025-02-20,amc
HNI,2025-02-20,bmo
NKLA,2025-02-20,amc
VXRT,2025-02-20,amc
IMUX,2025-02-20,amc
TECK,2025-02-20,bmo
DNB,2025-02-20,bmo
LIDR,2025-02-20,amc
CPRT,2025-02-20,amc
REZI,2025-02-20,amc
BIGC,2025-02-20,bmo
HPP,2025-02-20,amc
VAL,2025-02-20,bmo
MPW,2025-02-20,amc
EVH,2025-02-20,amc
SVV,2025-02-20,amc
WFCF,2025-02-20,bmo
AMN,2025-02-20,amc
GH,2025-02-20,amc
GMED,2025-02-20,amc
SHAK,2025-02-20,bmo
TPIC,2025-02-20,amc
ALIT,2025-02-20,bmo
FYBR,2025-02-20,amc
EPAM,2025-02-20,bmo
GDYN,2025-02-20,amc
BCC,2025-02-20,amc
ULS,2025-02-20,bmo
EIG,2025-02-20,amc
RYI,2025-02-20,amc
CERS,2025-02-20,amc
VICR,2025-02-20,amc
LAUR,2025-02-20,bmo
TXRH,2025-02-20,amc
BBDC,2025-02-20,amc
BKNG,2025-02-20,amc
W,2025-02-20,bmo
DAVA,2025-02-20,bmo
RLAY,2025-02-20,amc
MITT,2025-02-20,amc
RGEN,2025-02-20,bmo
TRN,2025-02-20,bmo
SEI,2025-02-20,amc
NTES,2025-02-20,bmo
PLL,2025-02-20,bmo
RHP,2025-02-20,amc
BILI,2025-02-20,bmo
SHEN,2025-02-20,bmo
GCI,2025-02-20,bmo
CHH,2025-02-20,bmo
MERC,2025-02-20,amc
SMSI,2025-02-20,amc
ITGR,2025-02-20,bmo
TPX,2025-02-20,bmo
BABA,2025-02-20,bmo
SATS,2025-02-20,amc
NTLA,2025-02-20,amc
INOD,2025-02-20,amc
U,2025-02-20,bmo
ATSG,2025-02-20,amc
MELI,2025-02-20,amc
SGC,2025-02-20,amc
TVTX,2025-02-20,amc
LAMR,2025-02-20,bmo
STEM,2025-02-20,amc
KYMR,2025-02-20,amc
AXTI,2025-02-20,amc
UEIC,2025-02-20,amc
SEM,2025-02-20,amc
WOW,2025-02-20,amc
CIO,2025-02-20,bmo
INSM,2025-02-20,bmo
SABR,2025-02-20,bmo
MP,2025-02-20,amc
DAO,2025-02-20,bmo
JMIA,2025-02-20,bmo
FG,2025-02-20,amc
DRS,2025-02-20,bmo
NEM,2025-02-20,amc
PAGS,2025-02-20,amc
ATHM,2025-02-20,bmo
CELH,2025-02-20,amc
UPBD,2025-02-20,bmo
LYV,2025-02-20,amc
INDI,2025-02-20,amc
LMAT,2025-02-20,amc
TXMD,2025-02-20,amc
AMPL,2025-02-20,amc
HAS,2025-02-20,bmo
KURA,2025-02-20,amc
ESAB,2025-02-20,bmo
FRPT,2025-02-20,bmo
CDRO,2025-02-20,bmo
GTX,2025-02-20,bmo
RIVN,2025-02-20,amc
CTO,2025-02-20,amc
CCCC,2025-02-20,amc
EXPI,2025-02-20,amc
TALK,2025-02-20,bmo
LFWD,2025-02-20,amc
ED,2025-02-20,amc
ECC,2025-02-20,bmo
DVAX,2025-02-20,amc
LGTY,2025-02-20,amc
CSTM,2025-02-20,bmo
AMH,2025-02-20,amc
DAN,2025-02-20,bmo
CQP,2025-02-20,bmo
TRIP,2025-02-20,bmo
WEAV,2025-02-20,amc
LPSN,2025-02-20,amc
CCJ,2025-02-20,bmo
BBIO,2025-02-20,bmo
CRAI,2025-02-20,bmo
EWTX,2025-02-20,amc
ANIK,2025-02-20,amc
BJRI,2025-02-20,amc
CARG,2025-02-20,amc
ALTR,2025-02-20,amc
FND,2025-02-20,amc
BAX,2025-02-20,bmo
SFM,2025-02-20,amc
WMT,2025-02-20,bmo
VICI,2025-02-20,amc
XYZ,2025-02-20,amc
PKST,2025-02-20,amc
BCOV,2025-02-20,amc
VGZ,2025-02-20,amc
ENV,2025-02-20,amc
ALG,2025-02-20,amc
NEXA,2025-02-20,amc
ZEUS,2025-02-20,amc
BLDR,2025-02-20,bmo
RNG,2025-02-20,amc
LNT,2025-02-20,amc
CCRD,2025-02-20,bmo
AKAM,2025-02-20,amc
VTVT,2025-02-20,amc
REAL,2025-02-20,amc
LKQ,2025-02-20,bmo
SWTX,2025-02-20,bmo
JAKK,2025-02-20,amc
COLD,2025-02-20,bmo
NVEE,2025-02-20,amc
LAW,2025-02-20,amc
CWK,2025-02-20,bmo
IRTC,2025-02-20,amc
DINO,2025-02-20,bmo
GBIO,2025-02-20,amc
WSC,2025-02-20,amc
BAND,2025-02-20,bmo
UTZ,2025-02-20,bmo
OLED,2025-02-20,amc
AMLX,2025-02-20,amc
ALRM,2025-02-20,amc
GHI,2025-02-20,bmo
FNF,2025-02-20,amc
TRGP,2025-02-20,bmo
RS,2025-02-20,amc
PODD,2025-02-20,amc
DBRG,2025-02-20,bmo
CEIX,2025-02-20,bmo
CENX,2025-02-20,amc
RMAX,2025-02-20,amc
MD,2025-02-20,bmo
UPLD,2025-02-20,amc
USPH,2025-02-20,amc
HEES,2025-02-20,amc
CNP,2025-02-20,bmo
BILI,2025-02-20,bmo
COKE,2025-02-20,amc
IVR,2025-02-20,amc
KLTR,2025-02-20,bmo
GRAB,2025-02-20,bmo
FIX,2025-02-20,amc
POOL,2025-02-20,bmo
RYAN,2025-02-20,amc
EIC,2025-02-20,bmo
ACRS,2025-02-20,amc
FIVN,2025-02-20,amc
ACCO,2025-02-20,amc
NBIS,2025-02-20,bmo
SO,2025-02-20,bmo
GKOS,2025-02-20,amc
WKC,2025-02-20,amc
DBX,2025-02-20,amc
GRAL,2025-02-20,amc
MYPS,2025-02-20,amc
IDA,2025-02-20,bmo
INFN,2025-02-20,amc
NVRI,2025-02-20,bmo
GLPI,2025-02-20,amc
GLOB,2025-02-20,amc
ARDX,2025-02-20,bmo
LPRO,2025-02-20,amc
FCN,2025-02-20,bmo
LNG,2025-02-20,bmo
RXT,2025-02-20,amc
METC,2025-02-20,amc
YMAB,2025-02-20,amc
UNIT,2025-02-21,bmo
TDS,2025-02-21,bmo
MODV,2025-02-21,amc
AGM,2025-02-21,bmo
ATMU,2025-02-21,bmo
CTV,2025-02-21,amc
HE,2025-02-21,amc
CEG,2025-02-21,amc
VIPS,2025-02-21,bmo
ASIX,2025-02-21,bmo
FET,2025-02-21,amc
SHO,2025-02-21,bmo
BCPC,2025-02-21,bmo
USM,2025-02-21,bmo
GASS,2025-02-21,bmo
BRC,2025-02-21,bmo
TXNM,2025-02-21,bmo
OIS,2025-02-21,bmo
FUVV,2025-02-21,amc
GHC,2025-02-21,amc
BTCM,2025-02-21,amc
HSTM,2025-02-24,amc
BRDG,2025-02-24,amc
FANG,2025-02-24,amc
SMMT,2025-02-24,bmo
AIV,2025-02-24,amc
SIBN,2025-02-24,amc
KOS,2025-02-24,bmo
DPZ,2025-02-24,bmo
AZUL,2025-02-24,amc
CLNE,2025-02-24,amc
AORT,2025-02-24,amc
FARO,2025-02-24,amc
EVER,2025-02-24,amc
MODG,2025-02-24,amc
PSA,2025-02-24,amc
HOV,2025-02-24,bmo
PRA,2025-02-24,amc
HVT,2025-02-24,amc
NTST,2025-02-24,amc
KBR,2025-02-24,amc
ISPO,2025-02-24,amc
LINC,2025-02-24,amc
BOOM,2025-02-24,amc
AROC,2025-02-24,amc
BSM,2025-02-24,amc
OPAD,2025-02-24,amc
CLF,2025-02-24,amc
ADUS,2025-02-24,amc
BYON,2025-02-24,amc
VRE,2025-02-24,amc
HLIO,2025-02-24,amc
BWXT,2025-02-24,amc
RIOT,2025-02-24,amc
SBAC,2025-02-24,amc
FDP,2025-02-24,bmo
ZD,2025-02-24,amc
WLKP,2025-02-24,bmo
ATIP,2025-02-24,amc
PLOW,2025-02-24,amc
VCYT,2025-02-24,amc
CCO,2025-02-24,bmo
O,2025-02-24,amc
AESI,2025-02-24,amc
MYGN,2025-02-24,amc
PRIM,2025-02-24,amc
BCRX,2025-02-24,bmo
CHGG,2025-02-24,amc
OKE,2025-02-24,amc
CIVI,2025-02-24,amc
HIMS,2025-02-24,amc
CNNE,2025-02-24,amc
WLK,2025-02-24,bmo
CTRA,2025-02-24,amc
TEM,2025-02-24,amc
ZM,2025-02-24,amc
NVTS,2025-02-24,amc
UCTT,2025-02-24,amc
API,2025-02-24,amc
LTC,2025-02-24,amc
OC,2025-02-24,bmo
APLE,2025-02-24,amc
KWR,2025-02-24,amc
HLX,2025-02-24,amc
CRGO,2025-02-24,bmo
JBTM,2025-02-24,amc
TREX,2025-02-24,amc
VVX,2025-02-24,amc
KSPI,2025-02-24,bmo
INN,2025-02-24,amc
MAX,2025-02-24,amc
ZI,2025-02-25,amc
OSUR,2025-02-25,amc
CIFR,2025-02-25,bmo
FSLR,2025-02-25,amc
STRL,2025-02-25,amc
UVE,2025-02-25,amc
TTI,2025-02-25,amc
DNUT,2025-02-25,bmo
RRC,2025-02-25,amc
AXON,2025-02-25,amc
SLRC,2025-02-25,amc
BASE,2025-02-25,amc
HYLN,2025-02-25,amc
IART,2025-02-25,bmo
AGL,2025-02-25,amc
RLJ,2025-02-25,amc
SRE,2025-02-25,bmo
PLYA,2025-02-25,amc
AXGN,2025-02-25,bmo
FLYW,2025-02-25,amc
AMC,2025-02-25,amc
DEA,2025-02-25,bmo
ZETA,2025-02-25,amc
RCUS,2025-02-25,amc
ALLT,2025-02-25,bmo
DHC,2025-02-25,amc
PR,2025-02-25,amc
CART,2025-02-25,amc
DK,2025-02-25,bmo
CBLL,2025-02-25,amc
PTLO,2025-02-25,bmo
USNA,2025-02-25,amc
RVLV,2025-02-25,amc
GIC,2025-02-25,amc
PRCH,2025-02-25,amc
AS,2025-02-25,bmo
CYD,2025-02-25,bmo
LAZR,2025-02-25,amc
SUPN,2025-02-25,amc
LCID,2025-02-25,amc
CRI,2025-02-25,amc
BWIN,2025-02-25,amc
NOVT,2025-02-25,bmo
SSTK,2025-02-25,bmo
AVNS,2025-02-25,amc
EXR,2025-02-25,amc
BLD,2025-02-25,bmo
SES,2025-02-25,amc
DAWN,2025-02-25,amc
PET,2025-02-25,amc
SSTI,2025-02-25,amc
PARR,2025-02-25,amc
TUYA,2025-02-25,amc
HRMY,2025-02-25,amc
GO,2025-02-25,amc
ALEC,2025-02-25,amc
AMT,2025-02-25,bmo
NXRT,2025-02-25,bmo
PNW,2025-02-25,bmo
ZIP,2025-02-25,amc
WBTN,2025-02-25,amc
CECO,2025-02-25,amc
IGIC,2025-02-25,amc
GPOR,2025-02-25,amc
LGIH,2025-02-25,bmo
MRVI,2025-02-25,amc
NAT,2025-02-25,amc
ONTF,2025-02-25,amc
IGT,2025-02-25,bmo
SKWD,2025-02-25,amc
CPNG,2025-02-25,amc
MMSI,2025-02-25,amc
LXFR,2025-02-25,amc
INGN,2025-02-25,amc
RXST,2025-02-25,amc
KTB,2025-02-25,bmo
CAN,2025-02-25,amc
XPRO,2025-02-25,bmo
SHLS,2025-02-25,bmo
CAVA,2025-02-25,amc
JACK,2025-02-25,amc
BTDR,2025-02-25,bmo
IVAC,2025-02-25,amc
SEZL,2025-02-25,amc
CHRD,2025-02-25,amc
ARQT,2025-02-25,amc
LNW,2025-02-25,amc
KDP,2025-02-25,bmo
LODE,2025-02-25,amc
INTU,2025-02-25,amc
ELAN,2025-02-25,bmo
VTEX,2025-02-25,amc
SEE,2025-02-25,bmo
LIVN,2025-02-25,bmo
BOW,2025-02-25,bmo
BLZE,2025-02-25,amc
CGBD,2025-02-25,amc
CWH,2025-02-25,amc
HRZN,2025-02-25,amc
ZNTL,2025-02-25,amc
SILA,2025-02-25,amc
MPLN,2025-02-25,bmo
AWI,2025-02-25,bmo
ROIC,2025-02-25,amc
HURN,2025-02-25,amc
OFIX,2025-02-25,bmo
BGFV,2025-02-25,amc
OLO,2025-02-25,amc
FIHL,2025-02-25,amc
AHCO,2025-02-25,bmo
TZOO,2025-02-25,amc
XHR,2025-02-25,bmo
PCVX,2025-02-25,amc
SPXC,2025-02-25,amc
BGS,2025-02-25,amc
XMTR,2025-02-25,bmo
SAM,2025-02-25,amc
EXLS,2025-02-25,amc
HSIC,2025-02-25,bmo
GOGL,2025-02-25,amc
CZR,2025-02-25,amc
DRVN,2025-02-25,bmo
SGHC,2025-02-25,bmo
KEYS,2025-02-25,amc
PRCT,2025-02-25,amc
QUIK,2025-02-25,amc
ODD,2025-02-25,amc
PLNT,2025-02-25,bmo
WDAY,2025-02-25,amc
TILE,2025-02-25,bmo
NHI,2025-02-25,amc
SPT,2025-02-25,amc
DSX,2025-02-25,amc
PEG,2025-02-25,bmo
DKL,2025-02-25,bmo
WK,2025-02-25,amc
IPAR,2025-02-25,amc
JAZZ,2025-02-25,amc
DOCN,2025-02-25,bmo
MATX,2025-02-25,amc
HY,2025-02-25,amc
CCCS,2025-02-25,amc
ITRI,2025-02-25,bmo
LMND,2025-02-25,amc
ESTA,2025-02-26,amc
MDGL,2025-02-26,bmo
TNDM,2025-02-26,amc
SPCE,2025-02-26,amc
ROOT,2025-02-26,amc
ITRN,2025-02-26,bmo
LAB,2025-02-26,amc
TJX,2025-02-26,bmo
INVH,2025-02-26,amc
EHTH,2025-02-26,bmo
CERT,2025-02-26,amc
A,2025-02-26,amc
SEMR,2025-02-26,amc
NEWT,2025-02-26,amc
KW,2025-02-26,amc
OLPX,2025-02-26,amc
CULP,2025-02-26,amc
SWX,2025-02-26,bmo
IMXI,2025-02-26,bmo
AAOI,2025-02-26,amc
TPC,2025-02-26,amc
LSTA,2025-02-26,amc
CAPL,2025-02-26,amc
DORM,2025-02-26,amc
NPKI,2025-02-26,amc
LSF,2025-02-26,amc
WES,2025-02-26,amc
IMCR,2025-02-26,amc
OPRX,2025-02-26,amc
KNTK,2025-02-26,amc
IOVA,2025-02-26,amc
AI,2025-02-26,amc
PSTG,2025-02-26,amc
MRCC,2025-02-26,amc
EME,2025-02-26,bmo
SNOW,2025-02-26,amc
CPRX,2025-02-26,amc
MIDD,2025-02-26,amc
NMFC,2025-02-26,amc
CRM,2025-02-26,amc
CRH,2025-02-26,amc
CORT,2025-02-26,amc
VMD,2025-02-26,amc
OPRA,2025-02-26,amc
ELUT,2025-02-26,amc
HEI,2025-02-26,amc
ALLO,2025-02-26,amc
HYFM,2025-02-26,amc
PLYM,2025-02-26,amc
MEG,2025-02-26,amc
TPB,2025-02-26,amc
EVTC,2025-02-26,amc
MRSN,2025-02-26,amc
DOLE,2025-02-26,bmo
GEF,2025-02-26,amc
EBAY,2025-02-26,amc
PEB,2025-02-26,amc
HNST,2025-02-26,amc
WTRG,2025-02-26,amc
MNMD,2025-02-26,amc
HCAT,2025-02-26,amc
VINP,2025-02-26,amc
APA,2025-02-26,amc
VSEC,2025-02-26,amc
WBX,2025-02-26,bmo
ICAD,2025-02-26,amc
EDIT,2025-02-26,amc
BHR,2025-02-26,amc
DMRC,2025-02-26,amc
SNPS,2025-02-26,amc
TALO,2025-02-26,amc
MGNI,2025-02-26,amc
OMER,2025-02-26,amc
AER,2025-02-26,bmo
INVZ,2025-02-26,bmo
CBZ,2025-02-26,bmo
CSV,2025-02-26,amc
COMM,2025-02-26,bmo
GB,2025-02-26,bmo
TKO,2025-02-26,amc
MORN,2025-02-26,amc
MRAM,2025-02-26,amc
DWTX,2025-02-26,amc
CMPS,2025-02-26,amc
MARA,2025-02-26,amc
ZIMV,2025-02-26,amc
PMVP,2025-02-26,amc
COCO,2025-02-26,bmo
UWMC,2025-02-26,bmo
VCSA,2025-02-26,amc
CPK,2025-02-26,amc
PRKS,2025-02-26,bmo
PERF,2025-02-26,bmo
SKYT,2025-02-26,amc
XENE,2025-02-26,amc
FTAI,2025-02-26,amc
CLDT,2025-02-26,bmo
EEX,2025-02-26,bmo
URBN,2025-02-26,amc
LXU,2025-02-26,amc
CLMB,2025-02-26,amc
PRQR,2025-02-26,amc
PDYN,2025-02-26,amc
NRDE,2025-02-26,amc
VRSK,2025-02-26,bmo
ITCI,2025-02-26,amc
PGEN,2025-02-26,amc
NEUE,2025-02-26,amc
VLN,2025-02-26,bmo
MUX,2025-02-26,bmo
GOVX,2025-02-26,amc
ORA,2025-02-26,amc
TASK,2025-02-26,amc
LYEL,2025-02-26,amc
BBSI,2025-02-26,amc
MNTX,2025-02-26,amc
BWEN,2025-02-26,amc
SJW,2025-02-26,amc
CDNA,2025-02-26,amc
ASTE,2025-02-26,bmo
CHE,2025-02-26,amc
ECPG,2025-02-26,amc
MDXH,2025-02-26,amc
VERV,2025-02-26,amc
EXE,2025-02-26,amc
MLTX,2025-02-26,amc
GSAT,2025-02-26,amc
PLAB,2025-02-26,bmo
GOGO,2025-02-26,amc
FWRD,2025-02-26,amc
LINE,2025-02-26,bmo
RYTM,2025-02-26,bmo
TDOC,2025-02-26,amc
BXSL,2025-02-26,bmo
YOU,2025-02-26,bmo
GOTU,2025-02-26,bmo
OVV,2025-02-26,amc
ADTN,2025-02-26,amc
JBI,2025-02-26,bmo
ACMR,2025-02-26,bmo
BCO,2025-02-26,bmo
EYE,2025-02-26,bmo
NVDA,2025-02-26,amc
DDL,2025-02-26,amc
PARA,2025-02-26,amc
UHS,2025-02-26,amc
EVLV,2025-02-26,amc
FSS,2025-02-26,bmo
VAC,2025-02-26,amc
DTM,2025-02-26,bmo
SDGR,2025-02-26,amc
FSK,2025-02-26,amc
SVC,2025-02-26,amc
MQ,2025-02-26,amc
GRBK,2025-02-26,amc
PSTL,2025-02-26,amc
VYNE,2025-02-26,amc
ERII,2025-02-26,amc
ENOV,2025-02-26,bmo
XPEL,2025-02-26,bmo
IEP,2025-02-26,bmo
DY,2025-02-26,bmo
ZVIA,2025-02-26,bmo
BLMN,2025-02-26,bmo
WHD,2025-02-26,amc
ARKO,2025-02-26,amc
CNFR,2025-02-26,amc
ARIS,2025-02-26,amc
SKIN,2025-02-26,amc
BYND,2025-02-26,amc
SPOK,2025-02-26,amc
NEPH,2025-02-26,amc
NSA,2025-02-26,amc
AMBC,2025-02-26,amc
BKV,2025-02-26,bmo
EE,2025-02-26,amc
HG,2025-02-26,amc
RSI,2025-02-26,amc
VIR,2025-02-26,amc
SRI,2025-02-26,amc
ADV,2025-02-26,amc
SHOO,2025-02-26,bmo
LNZA,2025-02-26,bmo
LZ,2025-02-26,amc
LNTH,2025-02-26,bmo
MDXG,2025-02-26,amc
EPR,2025-02-26,amc
CCIF,2025-02-26,amc
STR,2025-02-26,amc
SG,2025-02-26,amc
OPCH,2025-02-26,bmo
CTMX,2025-02-26,amc
ALVO,2025-02-26,amc
MNST,2025-02-26,amc
JOBY,2025-02-26,amc
NUVB,2025-02-26,amc
MYRG,2025-02-26,amc
AVDX,2025-02-26,bmo
XPER,2025-02-26,amc
GORO,2025-02-26,amc
KTOS,2025-02-26,amc
FDMT,2025-02-26,amc
SRPT,2025-02-26,amc
RRGB,2025-02-26,amc
IBTA,2025-02-26,amc
BSY,2025-02-26,bmo
HHH,2025-02-26,amc
TRIN,2025-02-26,bmo
APG,2025-02-26,bmo
NWPX,2025-02-26,amc
ARDT,2025-02-26,amc
TBLA,2025-02-26,bmo
AMBA,2025-02-26,amc
SDRL,2025-02-26,amc
ODP,2025-02-26,bmo
ATEC,2025-02-26,amc
NRG,2025-02-26,bmo
CTRI,2025-02-26,bmo
AVA,2025-02-26,bmo
ATRO,2025-02-26,amc
FE,2025-02-26,amc
MGPI,2025-02-26,bmo
IONQ,2025-02-26,amc
AAP,2025-02-26,bmo
NTNX,2025-02-26,amc
KRMD,2025-02-26,amc
CLPT,2025-02-26,amc
ZUO,2025-02-26,amc
TWI,2025-02-26,amc
TBPH,2025-02-26,amc
UMH,2025-02-26,amc
AIN,2025-02-26,amc
AMSF,2025-02-26,amc
GERN,2025-02-26,bmo
AAON,2025-02-27,amc
ACIW,2025-02-27,amc
BFS,2025-02-27,amc
VRRM,2025-02-27,amc
SOUN,2025-02-27,amc
ESTC,2025-02-27,amc
SRRK,2025-02-27,amc
GTN,2025-02-27,amc
MBI,2025-02-27,amc
DAIO,2025-02-27,amc
CCOI,2025-02-27,amc
PZZA,2025-02-27,amc
COLL,2025-02-27,amc
OXSQ,2025-02-27,bmo
KRP,2025-02-27,amc
CDXS,2025-02-27,amc
ADT,2025-02-27,amc
VRCA,2025-02-27,amc
TTSH,2025-02-27,bmo
TDW,2025-02-27,amc
GOCO,2025-02-27,amc
SSP,2025-02-27,amc
EYPT,2025-02-27,amc
AIRG,2025-02-27,amc
BE,2025-02-27,amc
PRGO,2025-02-27,amc
MAIN,2025-02-27,amc
GOLF,2025-02-27,amc
MOS,2025-02-27,amc
VRNA,2025-02-27,amc
RDFN,2025-02-27,amc
NCLH,2025-02-27,amc
PUBM,2025-02-27,amc
AHR,2025-02-27,amc
DOUG,2025-02-27,bmo
VST,2025-02-27,amc
CARS,2025-02-27,amc
PCT,2025-02-27,amc
AGO,2025-02-27,amc
PBYI,2025-02-27,amc
RKT,2025-02-27,amc
TIGO,2025-02-27,amc
CODI,2025-02-27,amc
DRH,2025-02-27,amc
HRL,2025-02-27,bmo
GEO,2025-02-27,amc
EXFY,2025-02-27,amc
JAMF,2025-02-27,amc
EDR,2025-02-27,amc
FTI,2025-02-27,amc
DQ,2025-02-27,amc
CTKB,2025-02-27,amc
TGNA,2025-02-27,amc
OPEN,2025-02-27,amc
ABUS,2025-02-27,amc
NNI,2025-02-27,amc
CCEL,2025-02-27,amc
EIX,2025-02-27,amc
SOLV,2025-02-27,bmo
ICFI,2025-02-27,amc
ARLO,2025-02-27,amc
LASR,2025-02-27,amc
AMRC,2025-02-27,amc
GMRE,2025-02-27,amc
VERX,2025-02-27,amc
ACA,2025-02-27,amc
NAUT,2025-02-27,amc
HCI,2025-02-27,amc
IBP,2025-02-27,amc
HRTX,2025-02-27,amc
FIGS,2025-02-27,amc
ANIP,2025-02-27,amc
NCDL,2025-02-27,bmo
DV,2025-02-27,amc
PSBD,2025-02-27,bmo
GDRX,2025-02-27,amc
RMNI,2025-02-27,amc
OSPN,2025-02-27,amc
GLNG,2025-02-27,amc
BRFH,2025-02-27,amc
ACHC,2025-02-27,amc
BCSF,2025-02-27,amc
STRA,2025-02-27,amc
KIND,2025-02-27,amc
DYN,2025-02-27,amc
AES,2025-02-27,amc
IPWR,2025-02-27,amc
OB,2025-02-27,amc
STWD,2025-02-27,amc
PGRE,2025-02-27,amc
GECC,2025-02-27,bmo
CMLS,2025-02-27,amc
DCI,2025-02-27,bmo
CHRS,2025-02-27,amc
DCO,2025-02-27,amc
DLO,2025-02-27,amc
LTH,2025-02-27,amc
LGND,2025-02-27,amc
INSW,2025-02-27,amc
TCPC,2025-02-27,amc
WVE,2025-02-27,amc
WRBY,2025-02-27,amc
GNL,2025-02-27,amc
LSEA,2025-02-27,amc
GDOT,2025-02-27,amc
HAYW,2025-02-27,amc
ACEL,2025-02-27,amc
ICUI,2025-02-27,amc
STGW,2025-02-27,amc
TMDX,2025-02-27,amc
GBTG,2025-02-27,amc
VTRS,2025-02-27,amc
LIF,2025-02-27,amc
SJM,2025-02-27,amc
MSDL,2025-02-27,bmo
NXTC,2025-02-27,amc
VCEL,2025-02-27,amc
GSBD,2025-02-27,amc
AVPT,2025-02-27,amc
OPK,2025-02-27,amc
ACR,2025-02-27,amc
PLUG,2025-02-27,amc
EVRG,2025-02-27,amc
AMBP,2025-02-27,amc
INUV,2025-02-27,amc
ZYXI,2025-02-27,amc
LIND,2025-02-27,amc
PSNL,2025-02-27,amc
THRY,2025-02-27,amc
FDUS,2025-02-27,amc
FOXF,2025-02-27,amc
SLDP,2025-02-27,amc
INTZ,2025-02-27,amc
FNKO,2025-02-27,amc
ALHC,2025-02-27,amc
FTDR,2025-02-27,amc
PTCT,2025-02-27,amc
ACIC,2025-02-27,amc
PRFX,2025-02-27,amc
GHRS,2025-02-27,amc
CYTK,2025-02-27,amc
CRDF,2025-02-27,amc
ALKT,2025-02-27,amc
PAYO,2025-02-27,amc
CABO,2025-02-27,amc
FIP,2025-02-27,amc
TRC,2025-02-27,bmo
FULC,2025-02-27,amc
ERIE,2025-02-27,amc
IHRT,2025-02-27,amc
PASG,2025-02-27,amc
AMWD,2025-02-27,amc
HPQ,2025-02-27,amc
CSTL,2025-02-27,amc
NTRA,2025-02-27,amc
REKR,2025-02-27,amc
ARRY,2025-02-27,amc
TMCI,2025-02-27,amc
DUOL,2025-02-27,amc
KROS,2025-02-27,amc
NTAP,2025-02-27,amc
VERI,2025-02-27,amc
NREF,2025-02-27,amc
XPOF,2025-02-27,amc
ASTH,2025-02-27,amc
PENN,2025-02-27,amc
ORGO,2025-02-27,amc
ECVT,2025-02-27,amc
PNTG,2025-02-27,amc
TGLS,2025-02-27,amc
TRS,2025-02-27,bmo
NVCR,2025-02-27,amc
ACU,2025-02-27,bmo
BECN,2025-02-27,amc
MTZ,2025-02-27,amc
PGNY,2025-02-27,amc
NVNO,2025-02-27,amc
DH,2025-02-27,amc
PDCO,2025-02-27,amc
ANAB,2025-02-27,amc
TFX,2025-02-27,amc
CUBE,2025-02-27,amc
RDVT,2025-02-27,amc
TLN,2025-02-27,bmo
RUN,2025-02-27,amc
XRAY,2025-02-27,amc
SIGA,2025-02-27,amc
RKLB,2025-02-27,amc
CWT,2025-02-27,amc
MAC,2025-02-27,amc
GDEN,2025-02-27,amc
SEER,2025-02-27,amc
PCRX,2025-02-27,amc
MCS,2025-02-27,amc
NOMD,2025-02-27,amc
HGV,2025-02-27,amc
NXST,2025-02-27,amc
NKTR,2025-02-27,amc
FNA,2025-02-27,amc
SYRE,2025-02-27,amc
SHC,2025-02-27,amc
MTUS,2025-02-27,amc
BLND,2025-02-27,amc
GMS,2025-02-27,amc
EFC,2025-02-27,amc
ABCL,2025-02-27,amc
PLTK,2025-02-27,amc
NRDY,2025-02-27,amc
KOP,2025-02-27,amc
EKSO,2025-02-27,amc
LFST,2025-02-27,amc
HLLY,2025-02-27,amc
CRNX,2025-02-27,amc
PRVA,2025-02-27,amc
BIRK,2025-02-27,bmo
ADSK,2025-02-27,amc
DELL,2025-02-27,amc
BWMX,2025-02-27,amc
EOG,2025-02-27,amc
ALEX,2025-02-27,amc
INVE,2025-02-27,amc
VYX,2025-02-27,amc
DCGO,2025-02-27,amc
DELL,2025-02-27,amc
VITL,2025-02-27,amc
INMB,2025-02-27,amc
RDNT,2025-02-27,amc
ACHR,2025-02-27,amc
WBD,2025-02-27,amc
ALTM,2025-02-27,amc
TTEC,2025-02-27,amc
EB,2025-02-27,amc
FA,2025-02-27,amc
KVHI,2025-02-28,amc
PAR,2025-02-28,amc
ZVRA,2025-02-28,amc
AMR,2025-02-28,amc
GLP,2025-02-28,bmo
FLGT,2025-02-28,amc
AMRX,2025-02-28,bmo
SUP,2025-02-28,bmo
DIBS,2025-02-28,amc
TUSK,2025-02-28,amc
FUBO,2025-02-28,amc
OMI,2025-02-28,amc
IAS,2025-02-28,amc
FREY,2025-02-28,bmo
GTLS,2025-02-28,amc
NWN,2025-02-28,amc
APLS,2025-02-28,amc
INTT,2025-02-28,amc
RPID,2025-02-28,amc
BLX,2025-02-28,amc
MSEX,2025-02-28,amc
OFS,2025-02-28,bmo
BFLY,2025-02-28,amc
